timestamp,status,value_or_reason,raw
2026-04-07T16:28:50,timeout,,
2026-04-07T16:28:52,timeout,,
2026-04-07T16:28:55,timeout,,
2026-04-07T16:28:57,timeout,,
2026-04-07T16:28:59,timeout,,
2026-04-07T16:29:01,timeout,,
2026-04-07T16:29:03,timeout,,
2026-04-07T16:29:06,timeout,,
2026-04-07T16:29:08,timeout,,
2026-04-07T16:29:10,timeout,,
2026-04-07T16:29:12,timeout,,
2026-04-07T16:29:14,timeout,,
2026-04-07T16:29:17,timeout,,
2026-04-07T16:29:19,timeout,,
2026-04-07T16:29:21,timeout,,
2026-04-07T16:29:23,timeout,,
2026-04-07T16:29:25,timeout,,
2026-04-07T16:29:28,timeout,,
2026-04-07T16:29:30,timeout,,
2026-04-07T16:33:49,timeout,,
2026-04-07T16:33:51,timeout,,
2026-04-07T16:33:54,timeout,,
2026-04-07T16:33:56,timeout,,
2026-04-07T16:33:58,timeout,,
2026-04-07T16:34:00,timeout,,
2026-04-07T16:34:02,timeout,,
2026-04-07T16:34:05,timeout,,
2026-04-07T16:34:07,timeout,,
2026-04-07T16:34:09,timeout,,
2026-04-07T16:34:11,timeout,,
2026-04-07T16:34:13,timeout,,
2026-04-07T16:34:16,timeout,,
2026-04-07T16:34:18,timeout,,
2026-04-07T16:34:20,timeout,,
2026-04-07T16:34:22,timeout,,
2026-04-07T16:37:58,timeout,,
2026-04-07T16:38:00,timeout,,
2026-04-07T16:38:02,timeout,,
2026-04-07T16:38:04,timeout,,
2026-04-07T16:38:07,timeout,,
2026-04-07T16:38:09,timeout,,
2026-04-07T16:38:11,timeout,,
2026-04-07T16:38:13,timeout,,
2026-04-07T16:38:15,timeout,,
2026-04-07T16:38:18,timeout,,
2026-04-07T16:38:20,timeout,,
2026-04-07T16:38:22,timeout,,
2026-04-07T16:38:24,timeout,,
2026-04-07T16:38:26,timeout,,
2026-04-07T16:38:29,timeout,,
2026-04-07T16:38:31,timeout,,
2026-04-07T16:38:33,timeout,,
2026-04-07T16:38:35,timeout,,
2026-04-07T16:38:38,timeout,,
2026-04-07T16:38:40,timeout,,
2026-04-07T16:38:42,timeout,,
2026-04-07T16:38:44,timeout,,
2026-04-07T16:38:46,timeout,,
2026-04-07T16:38:49,timeout,,
2026-04-07T16:38:51,timeout,,
2026-04-07T16:38:53,timeout,,
2026-04-07T16:38:55,timeout,,
2026-04-07T16:38:57,timeout,,
2026-04-07T16:39:00,timeout,,
2026-04-07T16:39:02,timeout,,
2026-04-07T16:39:04,timeout,,
2026-04-07T16:39:06,timeout,,
2026-04-07T16:39:08,timeout,,
2026-04-07T16:39:11,timeout,,
2026-04-07T16:39:13,timeout,,
2026-04-07T16:39:15,timeout,,
2026-04-07T16:39:17,timeout,,
2026-04-07T16:39:19,timeout,,
2026-04-07T16:39:22,timeout,,
2026-04-07T16:39:24,timeout,,
2026-04-07T16:39:26,timeout,,
2026-04-07T16:39:28,timeout,,
2026-04-07T16:39:31,timeout,,
2026-04-07T16:39:33,timeout,,
2026-04-07T16:39:35,timeout,,
2026-04-07T16:39:37,timeout,,
2026-04-07T16:39:39,timeout,,
2026-04-07T16:39:42,timeout,,
2026-04-07T16:39:44,timeout,,
2026-04-07T16:39:46,timeout,,
2026-04-07T16:39:48,timeout,,
2026-04-07T16:39:50,timeout,,
2026-04-07T16:39:53,timeout,,
2026-04-07T16:39:55,timeout,,
2026-04-07T16:39:57,timeout,,
2026-04-07T16:39:59,timeout,,
2026-04-07T16:40:01,timeout,,
2026-04-07T16:40:04,timeout,,
2026-04-07T16:40:06,timeout,,
2026-04-07T16:40:08,timeout,,
2026-04-07T16:40:10,timeout,,
2026-04-07T16:40:13,timeout,,
2026-04-07T16:40:15,timeout,,
2026-04-07T16:40:17,timeout,,
2026-04-07T16:40:19,timeout,,
2026-04-07T16:40:21,timeout,,
2026-04-07T16:40:24,timeout,,
2026-04-07T16:40:26,timeout,,
2026-04-07T16:40:28,timeout,,
2026-04-07T16:40:30,timeout,,
2026-04-07T16:40:32,timeout,,
2026-04-07T16:40:35,timeout,,
2026-04-07T16:40:37,timeout,,
2026-04-07T16:40:39,timeout,,
2026-04-07T16:40:41,timeout,,
2026-04-07T16:40:43,timeout,,
2026-04-07T16:40:46,timeout,,
2026-04-07T16:40:48,timeout,,
2026-04-07T16:40:50,timeout,,
2026-04-07T16:40:52,timeout,,
2026-04-07T16:40:54,timeout,,
2026-04-07T16:40:57,timeout,,
2026-04-07T16:40:59,timeout,,
2026-04-07T16:41:01,timeout,,
2026-04-07T16:41:03,timeout,,
2026-04-07T16:41:06,timeout,,
2026-04-07T16:41:08,timeout,,
2026-04-07T16:41:10,timeout,,
2026-04-07T16:41:12,timeout,,
2026-04-07T16:41:14,timeout,,
2026-04-07T16:41:17,timeout,,
2026-04-07T16:41:19,timeout,,
2026-04-07T16:41:21,timeout,,
2026-04-07T16:41:23,timeout,,
2026-04-07T16:41:25,timeout,,
2026-04-07T16:41:28,timeout,,
2026-04-07T16:41:30,timeout,,
2026-04-07T16:41:32,timeout,,
2026-04-07T16:41:34,timeout,,
2026-04-07T16:41:36,timeout,,
2026-04-07T16:41:39,timeout,,
2026-04-07T16:41:41,timeout,,
2026-04-07T16:41:43,timeout,,
2026-04-07T16:41:45,timeout,,
2026-04-07T16:41:47,timeout,,
2026-04-07T16:41:50,timeout,,
2026-04-07T16:41:52,timeout,,
2026-04-07T16:41:54,timeout,,
2026-04-07T16:41:56,timeout,,
2026-04-07T16:41:59,timeout,,
2026-04-07T16:42:01,timeout,,
2026-04-07T16:42:03,timeout,,
2026-04-07T16:42:05,timeout,,
2026-04-07T16:42:07,timeout,,
2026-04-07T16:42:10,timeout,,
2026-04-07T16:42:12,timeout,,
2026-04-07T16:42:14,timeout,,
2026-04-07T16:42:16,timeout,,
2026-04-07T16:42:18,timeout,,
2026-04-07T16:42:21,timeout,,
2026-04-07T16:42:23,timeout,,
2026-04-07T16:42:25,timeout,,
2026-04-07T16:42:27,timeout,,
2026-04-07T16:42:29,timeout,,
2026-04-07T16:42:32,timeout,,
2026-04-07T16:42:34,timeout,,
2026-04-07T16:42:36,timeout,,
2026-04-07T16:42:38,timeout,,
2026-04-07T16:42:40,timeout,,
2026-04-07T16:42:43,timeout,,
2026-04-07T16:42:45,timeout,,
2026-04-07T16:42:47,timeout,,
2026-04-07T16:42:49,timeout,,
2026-04-07T16:42:51,timeout,,
2026-04-07T16:42:54,timeout,,
2026-04-07T16:42:56,timeout,,
2026-04-07T16:42:58,timeout,,
2026-04-07T16:43:00,timeout,,
2026-04-07T16:43:03,timeout,,
2026-04-07T16:43:05,timeout,,
2026-04-07T16:43:07,timeout,,
2026-04-07T16:43:09,timeout,,
2026-04-07T16:43:11,timeout,,
2026-04-07T16:43:14,timeout,,
2026-04-07T16:43:16,timeout,,
2026-04-07T16:43:18,timeout,,
2026-04-07T16:43:20,timeout,,
2026-04-07T16:43:22,timeout,,
2026-04-07T16:43:25,timeout,,
2026-04-07T16:43:27,timeout,,
2026-04-07T16:43:29,timeout,,
2026-04-07T16:43:31,timeout,,
2026-04-07T16:43:34,timeout,,
2026-04-07T16:43:36,timeout,,
2026-04-07T16:43:38,timeout,,
2026-04-07T16:43:40,timeout,,
2026-04-07T16:43:42,timeout,,
2026-04-07T16:43:45,timeout,,
2026-04-07T16:43:47,timeout,,
2026-04-07T16:43:49,timeout,,
2026-04-07T16:43:51,timeout,,
2026-04-07T16:43:53,timeout,,
2026-04-07T16:43:56,timeout,,
2026-04-07T16:43:58,timeout,,
2026-04-07T16:44:00,timeout,,
2026-04-07T16:44:02,timeout,,
2026-04-07T16:44:05,timeout,,
2026-04-07T16:44:07,timeout,,
2026-04-07T16:44:09,timeout,,
2026-04-07T16:44:11,timeout,,
2026-04-07T16:44:13,timeout,,
2026-04-07T16:44:16,timeout,,
2026-04-07T16:44:18,timeout,,
2026-04-07T16:44:20,timeout,,
2026-04-07T16:44:22,timeout,,
2026-04-07T16:44:25,timeout,,
2026-04-07T16:44:27,timeout,,
2026-04-07T16:44:29,timeout,,
2026-04-07T16:44:31,timeout,,
2026-04-07T16:44:33,timeout,,
2026-04-07T16:44:36,timeout,,
2026-04-07T16:44:38,timeout,,
2026-04-07T16:44:40,timeout,,
2026-04-07T16:44:42,timeout,,
2026-04-07T16:44:44,timeout,,
2026-04-07T16:44:47,timeout,,
2026-04-07T16:44:49,timeout,,
2026-04-07T16:44:51,timeout,,
2026-04-07T16:44:53,timeout,,
2026-04-07T16:44:56,timeout,,
2026-04-07T16:44:58,timeout,,
2026-04-07T16:45:00,timeout,,
2026-04-07T16:45:02,timeout,,
2026-04-07T16:45:04,timeout,,
2026-04-07T16:45:07,timeout,,
2026-04-07T16:45:09,timeout,,
2026-04-07T16:45:11,timeout,,
2026-04-07T16:45:13,timeout,,
2026-04-07T16:45:15,timeout,,
2026-04-07T16:45:18,timeout,,
2026-04-07T16:45:20,timeout,,
2026-04-07T16:45:22,timeout,,
2026-04-07T16:45:24,timeout,,
2026-04-07T16:45:27,timeout,,
2026-04-07T16:45:29,timeout,,
2026-04-07T16:45:31,timeout,,
2026-04-07T16:45:33,timeout,,
2026-04-07T16:45:35,timeout,,
2026-04-07T16:45:38,timeout,,
2026-04-07T16:45:40,timeout,,
2026-04-07T16:45:42,timeout,,
2026-04-07T16:45:44,timeout,,
2026-04-07T16:45:47,timeout,,
2026-04-07T16:45:49,timeout,,
2026-04-07T16:45:51,timeout,,
2026-04-07T16:45:53,timeout,,
2026-04-07T16:45:55,timeout,,
2026-04-07T16:45:58,timeout,,
2026-04-07T16:46:00,timeout,,
2026-04-07T16:46:02,timeout,,
2026-04-07T16:46:04,timeout,,
2026-04-07T16:46:06,timeout,,
2026-04-07T16:46:09,timeout,,
2026-04-07T16:46:11,timeout,,
2026-04-07T16:46:13,timeout,,
2026-04-07T16:46:15,timeout,,
2026-04-07T16:46:18,timeout,,
2026-04-07T16:46:20,timeout,,
2026-04-07T16:46:22,timeout,,
2026-04-07T16:46:24,timeout,,
2026-04-07T16:46:26,timeout,,
2026-04-07T16:46:29,timeout,,
2026-04-07T16:46:31,timeout,,
2026-04-07T16:46:33,timeout,,
2026-04-07T16:46:35,timeout,,
2026-04-07T16:46:37,timeout,,
2026-04-07T16:46:40,timeout,,
2026-04-07T16:46:42,timeout,,
2026-04-07T16:46:44,timeout,,
2026-04-07T16:46:46,timeout,,
2026-04-07T16:46:49,timeout,,
2026-04-07T16:46:51,timeout,,
2026-04-07T16:46:53,timeout,,
2026-04-07T16:46:55,timeout,,
2026-04-07T16:46:57,timeout,,
2026-04-07T16:47:00,timeout,,
2026-04-07T16:47:02,timeout,,
2026-04-07T16:47:04,timeout,,
2026-04-07T16:47:06,timeout,,
2026-04-07T16:47:09,timeout,,
2026-04-07T16:47:11,timeout,,
2026-04-07T16:47:13,timeout,,
2026-04-07T16:47:15,timeout,,
2026-04-07T16:47:17,timeout,,
2026-04-07T16:47:20,timeout,,
2026-04-07T16:47:22,timeout,,
2026-04-07T16:47:24,timeout,,
2026-04-07T16:47:26,timeout,,
2026-04-07T16:47:28,timeout,,
2026-04-07T16:47:31,timeout,,
2026-04-07T16:47:33,timeout,,
2026-04-07T16:47:35,timeout,,
2026-04-07T16:47:37,timeout,,
2026-04-07T16:47:40,timeout,,
2026-04-07T16:47:42,timeout,,
2026-04-07T16:47:44,timeout,,
2026-04-07T16:47:46,timeout,,
2026-04-07T16:47:48,timeout,,
2026-04-07T16:47:51,timeout,,
2026-04-07T16:47:53,timeout,,
2026-04-07T16:47:55,timeout,,
2026-04-07T16:47:57,timeout,,
2026-04-07T16:47:59,timeout,,
2026-04-07T16:48:02,timeout,,
2026-04-07T16:48:04,timeout,,
2026-04-07T16:48:06,timeout,,
2026-04-07T16:48:08,timeout,,
2026-04-07T16:48:11,timeout,,
2026-04-07T16:48:13,timeout,,
2026-04-07T16:48:15,timeout,,
2026-04-07T16:48:17,timeout,,
2026-04-07T16:48:19,timeout,,
2026-04-07T16:48:22,timeout,,
2026-04-07T16:48:24,timeout,,
2026-04-07T16:48:26,timeout,,
2026-04-07T16:48:28,timeout,,
2026-04-07T16:48:30,timeout,,
2026-04-07T16:48:33,timeout,,
2026-04-07T16:48:35,timeout,,
2026-04-07T16:48:37,timeout,,
2026-04-07T16:48:39,timeout,,
2026-04-07T16:48:42,timeout,,
2026-04-07T16:48:44,timeout,,
2026-04-07T16:48:46,timeout,,
2026-04-07T16:48:48,timeout,,
2026-04-07T16:48:50,timeout,,
2026-04-07T16:48:53,timeout,,
2026-04-07T16:48:55,timeout,,
2026-04-07T16:48:57,timeout,,
2026-04-07T16:48:59,timeout,,
2026-04-07T16:49:02,timeout,,
2026-04-07T16:49:04,timeout,,
2026-04-07T16:49:06,timeout,,
2026-04-07T16:49:08,timeout,,
2026-04-07T16:49:10,timeout,,
2026-04-07T16:49:13,timeout,,
2026-04-07T16:49:15,timeout,,
2026-04-07T16:49:17,timeout,,
2026-04-07T16:49:19,timeout,,
2026-04-07T16:49:21,timeout,,
2026-04-07T16:49:24,timeout,,
2026-04-07T16:49:26,timeout,,
2026-04-07T16:49:28,timeout,,
2026-04-07T16:49:30,timeout,,
2026-04-07T16:49:33,timeout,,
2026-04-07T16:49:35,timeout,,
2026-04-07T16:49:37,timeout,,
2026-04-07T16:49:39,timeout,,
2026-04-07T16:49:41,timeout,,
2026-04-07T16:49:44,timeout,,
2026-04-07T16:49:46,timeout,,
2026-04-07T16:49:48,timeout,,
2026-04-07T16:49:50,timeout,,
2026-04-07T16:49:52,timeout,,
2026-04-07T16:49:55,timeout,,
2026-04-07T16:49:57,timeout,,
2026-04-07T16:49:59,timeout,,
2026-04-07T16:50:01,timeout,,
2026-04-07T16:50:03,timeout,,
2026-04-07T16:50:06,timeout,,
2026-04-07T16:50:08,timeout,,
2026-04-07T16:50:10,timeout,,
2026-04-07T16:50:12,timeout,,
2026-04-07T16:50:14,timeout,,
2026-04-07T16:50:17,timeout,,
2026-04-07T16:50:19,timeout,,
2026-04-07T16:50:21,timeout,,
2026-04-07T16:50:23,timeout,,
2026-04-07T16:50:26,timeout,,
2026-04-07T16:50:28,timeout,,
2026-04-07T16:50:30,timeout,,
2026-04-07T16:50:32,timeout,,
2026-04-07T16:50:34,timeout,,
2026-04-07T16:50:37,timeout,,
2026-04-07T16:50:39,timeout,,
2026-04-07T16:50:41,timeout,,
2026-04-07T16:50:43,timeout,,
2026-04-07T16:50:45,timeout,,
2026-04-07T16:50:48,timeout,,
2026-04-07T16:50:50,timeout,,
2026-04-07T16:50:52,timeout,,
2026-04-07T16:50:54,timeout,,
2026-04-07T16:50:56,timeout,,
2026-04-07T16:50:59,timeout,,
2026-04-07T16:51:01,timeout,,
2026-04-07T16:51:03,timeout,,
2026-04-07T16:51:05,timeout,,
2026-04-07T16:51:07,timeout,,
2026-04-07T16:51:10,timeout,,
2026-04-07T16:51:12,timeout,,
2026-04-07T16:51:14,timeout,,
2026-04-07T16:51:16,timeout,,
2026-04-07T16:51:19,timeout,,
2026-04-07T16:51:21,timeout,,
2026-04-07T16:51:23,timeout,,
2026-04-07T16:51:25,timeout,,
2026-04-07T16:51:27,timeout,,
2026-04-07T16:51:30,timeout,,
2026-04-07T16:51:32,timeout,,
2026-04-07T16:51:34,timeout,,
2026-04-07T16:51:36,timeout,,
2026-04-07T16:51:38,timeout,,
2026-04-07T16:51:41,timeout,,
2026-04-07T16:51:43,timeout,,
2026-04-07T16:51:45,timeout,,
2026-04-07T16:51:47,timeout,,
2026-04-07T16:51:49,timeout,,
2026-04-07T16:51:52,timeout,,
2026-04-07T16:51:54,timeout,,
2026-04-07T16:51:56,timeout,,
2026-04-07T16:51:58,timeout,,
2026-04-07T16:52:00,timeout,,
2026-04-07T16:52:03,timeout,,
2026-04-07T16:52:05,timeout,,
2026-04-07T16:52:07,timeout,,
2026-04-07T16:52:09,timeout,,
2026-04-07T16:52:12,timeout,,
2026-04-07T16:52:14,timeout,,
2026-04-07T16:52:16,timeout,,
2026-04-07T16:52:18,timeout,,
2026-04-07T16:52:20,timeout,,
2026-04-07T16:52:23,timeout,,
2026-04-07T16:52:25,timeout,,
2026-04-07T16:52:27,timeout,,
2026-04-07T16:52:29,timeout,,
2026-04-07T16:52:31,timeout,,
2026-04-07T16:52:34,timeout,,
2026-04-07T16:52:36,timeout,,
2026-04-07T16:52:38,timeout,,
2026-04-07T16:52:40,timeout,,
2026-04-07T16:52:42,timeout,,
2026-04-07T16:52:45,timeout,,
2026-04-07T16:52:47,timeout,,
2026-04-07T16:52:49,timeout,,
2026-04-07T16:52:51,timeout,,
2026-04-07T16:52:54,timeout,,
2026-04-07T16:52:56,timeout,,
2026-04-07T16:52:58,timeout,,
2026-04-07T16:53:00,timeout,,
2026-04-07T16:53:02,timeout,,
2026-04-07T16:53:05,timeout,,
2026-04-07T16:53:07,timeout,,
2026-04-07T16:53:09,timeout,,
2026-04-07T16:53:11,timeout,,
2026-04-07T16:53:13,timeout,,
2026-04-07T16:53:16,timeout,,
2026-04-07T16:53:18,timeout,,
2026-04-07T16:53:20,timeout,,
2026-04-07T16:53:22,timeout,,
2026-04-07T16:53:24,timeout,,
2026-04-07T16:53:27,timeout,,
2026-04-07T16:53:29,timeout,,
2026-04-07T16:53:31,timeout,,
2026-04-07T16:53:33,timeout,,
2026-04-07T16:53:35,timeout,,
2026-04-07T16:53:38,timeout,,
2026-04-07T16:53:40,timeout,,
2026-04-07T16:53:42,timeout,,
2026-04-07T16:53:44,timeout,,
2026-04-07T16:53:47,timeout,,
2026-04-07T16:53:49,timeout,,
2026-04-07T16:53:51,timeout,,
2026-04-07T16:53:53,timeout,,
2026-04-07T16:53:55,timeout,,
2026-04-07T16:53:58,timeout,,
2026-04-07T16:54:00,timeout,,
2026-04-07T16:54:02,timeout,,
2026-04-07T16:54:04,timeout,,
2026-04-07T16:54:06,timeout,,
2026-04-07T16:54:09,timeout,,
2026-04-07T16:54:11,timeout,,
2026-04-07T16:54:13,timeout,,
2026-04-07T16:54:15,timeout,,
2026-04-07T16:54:17,timeout,,
2026-04-07T16:54:20,timeout,,
2026-04-07T16:54:22,timeout,,
2026-04-07T16:54:24,timeout,,
2026-04-07T16:54:26,timeout,,
2026-04-07T16:54:28,timeout,,
2026-04-07T16:54:31,timeout,,
2026-04-07T16:54:33,timeout,,
2026-04-07T16:54:35,timeout,,
2026-04-07T16:54:37,timeout,,
2026-04-07T16:54:40,timeout,,
2026-04-07T16:54:42,timeout,,
2026-04-07T16:54:44,timeout,,
2026-04-07T16:54:46,timeout,,
2026-04-07T16:54:48,timeout,,
2026-04-07T16:54:51,timeout,,
2026-04-07T16:54:53,timeout,,
2026-04-07T16:54:55,timeout,,
2026-04-07T16:54:57,timeout,,
2026-04-07T16:54:59,timeout,,
2026-04-07T16:55:02,timeout,,
2026-04-07T16:55:04,timeout,,
2026-04-07T16:55:06,timeout,,
2026-04-07T16:55:08,timeout,,
2026-04-07T16:55:10,timeout,,
2026-04-07T17:00:13,timeout,,
2026-04-07T17:00:16,timeout,,
2026-04-07T17:00:18,timeout,,
2026-04-07T17:00:20,timeout,,
2026-04-07T17:00:22,timeout,,
2026-04-07T17:00:24,timeout,,
2026-04-07T17:00:27,timeout,,
2026-04-07T17:00:29,timeout,,
2026-04-07T17:00:31,timeout,,
2026-04-07T17:00:33,timeout,,
2026-04-07T17:00:35,timeout,,
2026-04-07T17:00:38,timeout,,
2026-04-07T17:00:40,timeout,,
2026-04-07T17:00:42,timeout,,
2026-04-07T17:00:44,timeout,,
2026-04-07T17:00:47,timeout,,
2026-04-07T17:00:49,timeout,,
2026-04-07T17:00:51,timeout,,
2026-04-07T17:00:53,timeout,,
2026-04-07T17:00:55,timeout,,
2026-04-07T17:00:58,timeout,,
2026-04-07T17:01:00,timeout,,
2026-04-07T17:01:02,timeout,,
2026-04-07T17:01:04,timeout,,
2026-04-07T17:01:06,timeout,,
2026-04-07T17:01:09,timeout,,
2026-04-07T17:01:11,timeout,,
2026-04-07T17:01:13,timeout,,
2026-04-07T17:01:15,timeout,,
2026-04-07T17:01:17,timeout,,
2026-04-07T17:01:20,timeout,,
2026-04-07T17:01:22,timeout,,
2026-04-07T17:01:24,timeout,,
2026-04-07T17:01:26,timeout,,
2026-04-07T17:01:28,timeout,,
2026-04-07T17:01:31,timeout,,
2026-04-07T17:01:33,timeout,,
2026-04-07T17:01:35,timeout,,
2026-04-07T17:01:37,timeout,,
2026-04-07T17:01:40,timeout,,
2026-04-07T17:01:42,timeout,,
2026-04-07T17:01:44,timeout,,
2026-04-07T17:01:46,timeout,,
2026-04-07T17:01:48,timeout,,
2026-04-07T17:01:51,timeout,,
2026-04-07T17:01:53,timeout,,
2026-04-07T17:01:55,timeout,,
2026-04-07T17:01:57,timeout,,
2026-04-07T17:01:59,timeout,,
2026-04-07T17:02:02,timeout,,
2026-04-07T17:02:04,timeout,,
2026-04-07T17:02:06,timeout,,
2026-04-07T17:02:08,timeout,,
2026-04-07T17:02:10,timeout,,
2026-04-07T17:02:13,timeout,,
2026-04-07T17:02:15,timeout,,
2026-04-07T17:02:17,timeout,,
2026-04-07T17:02:19,timeout,,
2026-04-07T17:02:21,timeout,,
2026-04-07T17:02:24,timeout,,
2026-04-07T17:02:26,timeout,,
2026-04-07T17:02:28,timeout,,
2026-04-07T17:02:30,timeout,,
2026-04-07T17:02:33,timeout,,
2026-04-07T17:02:35,timeout,,
2026-04-07T17:02:37,timeout,,
2026-04-07T17:02:39,timeout,,
2026-04-07T17:02:41,timeout,,
2026-04-07T17:02:44,timeout,,
2026-04-07T17:02:46,timeout,,
2026-04-07T17:02:48,timeout,,
2026-04-07T17:02:50,timeout,,
2026-04-07T17:02:52,timeout,,
2026-04-07T17:02:55,timeout,,
2026-04-07T17:02:57,timeout,,
2026-04-07T17:02:59,timeout,,
2026-04-07T17:03:01,timeout,,
2026-04-07T17:03:03,timeout,,
2026-04-07T17:03:06,timeout,,
2026-04-07T17:03:08,timeout,,
2026-04-07T17:03:10,timeout,,
2026-04-07T17:03:12,timeout,,
2026-04-07T17:03:14,timeout,,
2026-04-07T17:03:17,timeout,,
2026-04-07T17:03:19,timeout,,
2026-04-07T17:03:21,timeout,,
2026-04-07T17:03:23,timeout,,
2026-04-07T17:03:26,timeout,,
2026-04-07T17:03:28,timeout,,
2026-04-07T17:03:30,timeout,,
2026-04-07T17:03:32,timeout,,
2026-04-07T17:03:34,timeout,,
2026-04-07T17:03:37,timeout,,
2026-04-07T17:03:39,timeout,,
2026-04-07T17:03:41,timeout,,
2026-04-07T17:03:43,timeout,,
2026-04-07T17:03:45,timeout,,
2026-04-07T17:03:48,timeout,,
2026-04-07T17:03:50,timeout,,
2026-04-07T17:03:52,timeout,,
2026-04-07T17:03:54,timeout,,
2026-04-07T17:03:56,timeout,,
2026-04-07T17:03:59,timeout,,
2026-04-07T17:04:01,timeout,,
2026-04-07T17:04:03,timeout,,
2026-04-07T17:04:05,timeout,,
2026-04-07T17:04:07,timeout,,
2026-04-07T17:04:10,timeout,,
2026-04-07T17:04:12,timeout,,
2026-04-07T17:04:14,timeout,,
2026-04-07T17:04:16,timeout,,
2026-04-07T17:04:19,timeout,,
2026-04-07T17:04:21,timeout,,
2026-04-07T17:04:23,timeout,,
2026-04-07T17:04:25,timeout,,
2026-04-07T17:04:27,timeout,,
2026-04-07T17:04:30,timeout,,
2026-04-07T17:04:32,timeout,,
2026-04-07T17:04:34,timeout,,
2026-04-07T17:04:36,timeout,,
2026-04-07T17:04:38,timeout,,
2026-04-07T17:04:41,timeout,,
2026-04-07T17:04:43,timeout,,
2026-04-07T17:04:45,timeout,,
2026-04-07T17:04:47,timeout,,
2026-04-07T17:04:49,timeout,,
2026-04-07T17:04:52,timeout,,
2026-04-07T17:04:54,timeout,,
2026-04-07T17:04:56,timeout,,
2026-04-07T17:04:58,timeout,,
2026-04-07T17:05:00,timeout,,
2026-04-07T17:05:03,timeout,,
2026-04-07T17:05:05,timeout,,
2026-04-07T17:05:07,timeout,,
2026-04-07T17:05:09,timeout,,
2026-04-07T17:05:12,timeout,,
2026-04-07T17:05:14,timeout,,
2026-04-07T17:05:16,timeout,,
2026-04-07T17:05:18,timeout,,
2026-04-07T17:05:20,timeout,,
2026-04-07T17:05:23,timeout,,
2026-04-07T17:05:25,timeout,,
2026-04-07T17:05:27,timeout,,
2026-04-07T17:05:29,timeout,,
2026-04-07T17:05:31,timeout,,
2026-04-07T17:05:34,timeout,,
2026-04-07T17:05:36,timeout,,
2026-04-07T17:05:38,timeout,,
2026-04-07T17:05:40,timeout,,
2026-04-07T17:05:42,timeout,,
2026-04-07T17:05:45,timeout,,
2026-04-07T17:05:47,timeout,,
2026-04-07T17:05:49,timeout,,
2026-04-07T17:05:51,timeout,,
2026-04-07T17:05:53,timeout,,
2026-04-07T17:05:56,timeout,,
2026-04-07T17:05:58,timeout,,
2026-04-07T17:06:00,timeout,,
2026-04-07T17:06:02,timeout,,
2026-04-07T17:06:05,timeout,,
2026-04-07T17:06:07,timeout,,
2026-04-07T17:06:09,timeout,,
2026-04-07T17:06:11,timeout,,
2026-04-07T17:06:13,timeout,,
2026-04-07T17:06:16,timeout,,
2026-04-07T17:06:18,timeout,,
2026-04-07T17:06:20,timeout,,
2026-04-07T17:06:22,timeout,,
2026-04-07T17:06:24,timeout,,
2026-04-07T17:06:27,timeout,,
2026-04-07T17:06:29,timeout,,
2026-04-07T17:06:31,timeout,,
2026-04-07T17:06:33,timeout,,
2026-04-07T17:06:35,timeout,,
2026-04-07T17:06:38,timeout,,
2026-04-07T17:06:40,timeout,,
2026-04-07T17:06:42,timeout,,
2026-04-07T17:06:44,timeout,,
2026-04-07T17:06:46,timeout,,
2026-04-07T17:12:20,timeout,,
2026-04-07T17:12:22,timeout,,
2026-04-07T17:12:25,timeout,,
2026-04-07T17:12:27,timeout,,
2026-04-07T17:12:29,timeout,,
2026-04-07T17:12:32,timeout,,
2026-04-07T17:12:34,timeout,,
2026-04-07T17:12:37,timeout,,
2026-04-07T17:12:39,timeout,,
2026-04-07T17:12:41,timeout,,
2026-04-07T17:14:35,timeout,,
2026-04-07T17:14:37,timeout,,
2026-04-07T17:14:40,timeout,,
2026-04-07T17:14:42,timeout,,
2026-04-07T17:14:45,timeout,,
2026-04-07T17:14:47,timeout,,
2026-04-07T17:14:49,timeout,,
2026-04-07T17:14:52,timeout,,
2026-04-07T17:14:54,timeout,,
2026-04-07T17:14:57,timeout,,
